NC100 ,Signe,Cahall,IT,JGEXBE52R22I040D,8004917039,21,F,NorthCentral,s_cahall@optimentertainment.com,MA0081
NC160 ,Betsy,Luncsford,UK,YY090227D,8004300821,35,F,NorthCentral,b_luncsford@optimentertainment.com,MA0081
NC163 ,Dylan,Kozar,U.S.,004080001,8009604270,50,M,NorthCentral,d_kozar@optimentertainment.com,MA0081
NC166 ,Penney,Ziac,FR,869097206051855,8004809402,50,F,NorthCentral,p_zaic@optimentertainment.com,MA0081
NC169 ,Fredericka,Seyfarth,ES,X7804679C,8006818375,88,F,NorthCentral,f_seyfarth@optimentertainment.com,MA0081
NC232 ,Lakeesha,Hantz,IT,RKDXSU88S44D481W,8005762667,21,F,NorthCentral,l_hantz@optimentertainment.com,MA0081
NC292 ,Rosalyn,Schumans,CA,327180733,8007200865,35,F,NorthCentral,r_schumans@optimentertainment.com,MA0081
NC295 ,Kary,Thombs,IT,BZAIOU48M70F073Y,8006297622,50,F,NorthCentral,k_thombs@optimentertainment.com,MA0081
NC298 ,Matilda,Debnam,U.S.,023867923,8009541361,21,F,NorthCentral,m_debnam@optimentertainment.com,MA0081
NC358 ,Marcie,Rosich,ES,6382988M,8004391409,35,F,NorthCentral,m_rosich@optimentertainment.com,MA0081
NC361 ,Adolfo,Adamyan,UK,ZR962102B,8005921789,50,M,NorthCentral,a_adamyan@optimentertainment.com,MA0081
NC364 ,Teresa,Seymoure,ES,X0035649E,8009052647,21,F,NorthCentral,t_seymoure@optimentertainment.com,MA0081
NC424 ,Devon,Siedlik,CA,219040649,8005001122,80,M,NorthCentral,d_siedlik@optimentertainment.com,MA0081
NC427 ,Sheree,Sigmund,U.S.,023867832,8008939709,50,F,NorthCentral,s_sigmund@optimentertainment.com,MA0081
NE103 ,Tiffaney,Obiesie,CA,649270675,8006922894,50,F,NorthEast,t_obiesie@optimentertainment.com,MA0066
NE109 ,Blanche,Olejarski,FR,287080327700477,8007431261,18,F,NorthEast,b_olejarski@optimentertainment.com,MA0066
NE172 ,Nevada,Wahlgren,IT,WFYFIU47T64D987H,8008967296,69,M,NorthEast,n_wahlgren@optimentertainment.com,MA0066
NE175 ,Eli,Pastora,IT,UIOQPT35T06B954U,8009545164,80,M,NorthEast,e_pastora@optimentertainment.com,MA0066
NE178 ,Usha,Levoci,UK,BM707229B,8007890359,18,F,NorthEast,u_levoci@optimentertainment.com,MA0066
NE235 ,Odell,Maciejczyk,U.S.,388270001,8006255723,50,M,NorthEast,o_maciejczyk@optimentertainment.com,MA0066
NE238 ,Samuel,Stellhorn,ES,9394152D,8006881751,80,M,NorthEast,s_stellhorn@optimentertainment.com,MA0066
NE301 ,HARLAN,Zanderigo,ES,9165598Y,8008291574,50,M,NorthEast,h_zanderigo@optimentertainment.com,MA0066
NE304 ,Roland,Birkholz,ES,6916810C,8005351492,80,M,NorthEast,r_birkholz@optimentertainment.com,MA0066
NE307 ,Soraya,Aynes,ES,2052151E,8005295780,18,F,NorthEast,s_aynes@optimentertainment.com,MA0066
NE367 ,Marvel,Whitmore,IT,QKCMUE28T62C544P,8007307623,50,M,NorthEast,m_whitmore@optimentertainment.com,MA0066
NE370 ,Jacques,Reith,FR,223033842290838,8004740688,80,M,NorthEast,j_rieth@optimentertainment.com,MA0066
NE373 ,Deneed,Schwede,IT,YVRTDK73S01I851X,8009697926,18,F,NorthEast,d_schwede@optimentertainment.com,MA0066
NW112 ,Janel,Driever,ES,9165378Q,8006277899,17,F,NorthWest,j_driever@optimentertainment.com,MA0015
NW115 ,Abel,Lelli,U.S.,206820001,8009716402,45,M,NorthWest,a_lelli@optimentertainment.com,MA0015
NW118 ,Carlton,Tufnell,FR,716037405098656,8007436539,30,M,NorthWest,c_tufnell@optimentertainment.com,MA0015
NW181 ,Talisha,Levandoski,FR,219048404327253,8005278676,19,F,NorthWest,t_levandoski@optimentertainment.com,MA0015
NW184 ,Hoyt,Lundahl,ES,0762119Z,8004937676,45,M,NorthWest,h_lundahl@optimentertainment.com,MA0015
NW187 ,Flavia,Shackley,CA,176535854,8008754434,45,M,NorthWest,f_shackley@optimentertainment.com,MA0015
NW244 ,Samella,Shabana,IT,NUOYDI12R29A317S,8009068116,19,F,NorthWest,s_shaban@optimentertainment.com,MA0015
NW247 ,Robert,Gormont,IT,TVJRSB98S12E704H,8007992345,45,M,NorthWest,r_gormont@optimentertainment.com,MA0015
NW310 ,Marlys,Wattles,IT,AXXUEU67B13L197J,8005075350,19,F,NorthWest,m_wattles@optimentertainment.com,MA0015
NW313 ,Velia,Rogoff,IT,SJBIAX78T45I346N,8004733004,45,F,NorthWest,v_rogoff@optimentertainment.com,MA0015
NW316 ,Lloyd,Worthing,UK,JA069139D,8005182607,30,M,NorthWest,l_worthing@optimentertainment.com,MA0015
NW376 ,Jodi,Wasem,CA,009736653,8004497250,19,F,NorthWest,j_wasem@optimentertainment.com,MA0015
NW379 ,Sherill,Giarusso,ES,9665331H,8005536493,45,F,NorthWest,s_giarrusso@optimentertainment.com,MA0015
NW382 ,Marlana,Mckenney,CA,768214025,8005492151,30,F,NorthWest,m_mckenney@optimentertainment.com,MA0015
RP121 ,Pam,Malo,IT,LIORZX46R42B947F,8005193450,30,M,Massachusetts,p_malo@optimentertainment.com,MA0066
RP190 ,Ashley,Munchmeyer,IT,FGXGDC46C27D615A,8007021595,30,F,Massachusetts,a_munchmeyer@optimentertainment.com,MA0066
RP253 ,Jonah,Killoran ,UK,LH313510B,8009364695,30,M,Massachusetts,j_killoran@optimentertainment.com,MA0066
RP319 ,Bon,Demik,FR,175091623918578,8004993459,30,F,Massachusetts,b_demik@optimentertainment.com,MA0066
RP385 ,Margereta,Kosmala,U.S.,023868231,8007509781,30,F,Massachusetts,m_kosmala@optimentertainment.com,MA0066
SC124 ,John,Rough,U.S.,023867828,8008254064,62,M,SouthCentral,a_rough@optimentertainment.com,MA0021
SC127 ,Shwanda,Robben,CA,004215604,8008409748,28,F,SouthCentral,s_robben@optimentertainment.com,MA0021
SC130 ,Fallon,Valdes,UK,TZ582059D,8009585786,57,M,SouthCentral,f_valdes@optimentertainment.com,MA0021
SC193 ,Teressa,Blan,IT,BKSWJC58R31B639J,8007194549,62,F,SouthCentral,t_blan@optimentertainment.com,MA0021
SC196 ,Mina,Doldo,UK,RB940241D,8009303618,28,F,SouthCentral,m_doldo@optimentertainment.com,MA0021
SC199 ,Tammi,Docker,FR,156090402791972,8006070140,57,F,SouthCentral,t_docker@optimentertainment.com,MA0021
SC256 ,Florrie,Caren,UK,LX920597,8008209965,62,F,SouthCentral,f_caren@optimentertainment.com,MA0021
SC259 ,Nita,Blanding,FR,141103716916020,8008502339,28,F,SouthCentral,n_blanding@optimentertainment.com,MA0021
SC262 ,Conrad,Debiasio,IT,OXXQHA27S57C385M,8008809419,57,M,SouthCentral,c_debiasio@optimentertainment.com,MA0021
SC322 ,Adan,Moors,FR,142105943323812,8006140007,62,M,SouthCentral,a_moors@optimentertainment.com,MA0021
SC325 ,Rosa,Primack,U.S.,022868403,8004792872,28,F,SouthCentral,r_primack@optimentertainment.com,MA0021
SC328 ,Ora,Laplace,U.S.,577430001,8006482780,57,F,SouthCentral,o_laplace@optimentertainment.com,MA0021
SC388 ,Julie,Maurin,FR,120034006590431,8007174771,62,F,SouthCentral,j_maurin@optimentertainment.com,MA0021
SC391 ,Ivonne,Mullett,IT,UUOSVN93R50E588O,8009487857,28,M,SouthCentral,i_mullett@optimentertainment.com,MA0021
SC394 ,Ken,Otomo,FR,184117416139143,8008972943,57,M,SouthCentral,k_otomo@optimentertainment.com,MA0021
SE133 ,Amy,Windler,IT,MPEZAI82D48C729N,8006096279,42,F,SouthEast,a_windler@optimentertainment.com,MA0001
SE136 ,Clint,Rexroat,CA,328371034,8008289971,29,M,SouthEast,c_rexroat@optimentertainment.com,MA0001
SE139 ,Melany,Mittelman,UK,HM547565,8008696110,67,F,SouthEast,m_mittelman@optimentertainment.com,MA0001
SE205 ,Nannie,Raiden,U.S.,536590001,8009143057,29,F,SouthEast,n_raiden@optimentertainment.com,MA0001
SE208 ,Lyndon,Dadds,U.S.,022868043,8006867274,67,M,SouthEast,l_dadds@optimentertainment.com,MA0001
SE265 ,Dale,Dierks,UK,OL636780D,8007022332,42,M,SouthEast,d_dierks@optimentertainment.com,MA0001
SE268 ,Oliver,Armintrout,ES,8719570V,8006997931,29,M,SouthEast,o_armintrout@optimentertainment.com,MA0001
SE271 ,Lauryn,Schoettle,ES,9195517W,8005906550,67,F,SouthEast,l_schoettle@optimentertainment.com,MA0001
SE334 ,Krishna,Trend,UK,YM878906,8004292631,29,F,SouthEast,k_trend@optimentertainment.com,MA0001
SE337 ,Nathanel,Hilsgen,IT,PSWTVX81P59H580R,8007395689,67,M,SouthEast,n_hilsgen@optimentertainment.com,MA0001
SE397 ,Aleida,Schoenecker,IT,FMNKMT13T01D210P,8009127232,42,F,SouthEast,a_schoenecker@optimentertainment.com,MA0001
SE400 ,Delmy,Huckaby,ES,X1802271Z,8006820651,29,M,SouthEast,d_huckaby@optimentertainment.com,MA0001
SE403 ,Walton,Henneberg ,CA,792300444,8009588446,67,M,SouthEast,w_henneberg@optimentertainment.com,MA0001
SW142 ,Gretchen,Helder,IT,JSJDUI84P02M153M,8004906134,25,F,SouthWest,g_helder@optimentertainment.com,MA0040
SW145 ,Anh,Holsapple,IT,PQFGTW63H16L817R,8004604479,74,M,SouthWest,a_holsapple@optimentertainment.com,MA0040
SW148 ,Myrtis,Babel,IT,JEXJOO46P07C064H,8007191644,37,M,SouthWest,m_babel@optimentertainment.com,MA0040
SW211 ,Stevie,Denegre,IT,VNYYMS69R21G977K,8008940040,25,M,SouthWest,s_denegre@optimentertainment.com,MA0040
SW214 ,Frank,Norkus,UK,JL781726C,8007544799,41,M,SouthWest,f_norkus@optimentertainment.com,MA0040
SW217 ,Ara,Maraia,FR,745118071424385,8007879073,84,M,SouthWest,a_maraia@optimentertainment.com,MA0040
SW274 ,Mozella,Naval,CA,659687933,8005984850,25,M,SouthWest,m_naval@optimentertainment.com,MA0040
SW277 ,Frankie,Seelbinder,IT,HFNDIE31L64L810X,8006688352,41,M,SouthWest,f_seelbinder@optimentertainment.com,MA0040
SW280 ,Nathalie,Gurvine,IT,XSBCAI25H48L899I,8007812612,37,F,SouthWest,n_gurvine@optimentertainment.com,MA0040
SW340 ,Rodolfo,Villante,ES,4485831A,8004963131,25,M,SouthWest,r_villante@optimentertainment.com,MA0040
SW343 ,Layne,Pecue,ES,4699250M,8005465869,41,M,SouthWest,l_pecue@optimentertainment.com,MA0040
SW346 ,Joni,Grills,CA,910605641,8009775292,37,F,SouthWest,j_grills@optimentertainment.com,MA0040
SW406 ,Ina,Cheatem,U.S.,022868167,8006695348,25,F,SouthWest,i_cheatem@optimentertainment.com,MA0040
SW409 ,Denna,Pariente,FR,187071819198346,8008323285,41,F,SouthWest,d_pariente@optimentertainment.com,MA0040
SW412 ,Ermilinda,Sweigert,U.S.,039700001,8004274260,37,F,SouthWest,e_sweigert@optimentertainment.com,MA0040
WE151 ,Leana,Rhyne,FR,724088707250884,8009434894,24,F,West,l_rhyne@optimentertainment.com,MA0301
WE154 ,Heike,Broglio,CA,115268807,8005426194,79,M,West,h_broglio@optimentertainment.com,MA0301
WE157 ,Jerry,Tapaha,IT,PVEQMJ57R67F563C,8008355226,19,M,West,j_tapaha@optimentertainment.com,MA0301
WE220 ,Jasmine,Zieber,ES,5814638P,8008688485,65,F,West,j_zieber@optimentertainment.com,MA0301
WE223 ,Shelton,Blocker,UK,HY611270C,8006207563,79,M,West,s_blocker@optimentertainment.com,MA0301
WE283 ,Tommy,Locher,CA,365709492,8007916801,24,M,West,t_locher@optimentertainment.com,MA0301
WE286 ,Moshe,Mabb,IT,FSUEOX98A52G364X,8006750163,79,M,West,m_mabb@optimentertainment.com,MA0301
WE289 ,Jolanda,Cachu,IT,KWIEXX53D29F330B,8008398496,19,F,West,j_cachu@optimentertainment.com,MA0301
WE349 ,Nichelle,Cadoff,FR,278057414183160,8009611077,24,F,West,n_cadoff@optimentertainment.com,MA0301
WE352 ,Andrea,Warmbrod,IT,MUOOOX58H42F758I,8004631306,79,F,West,a_warmbrod@optimentertainment.com,MA0301
WE355 ,Elane,Bentancourt,U.S.,022868179,8006348120,19,F,West,e_bentancourt@optimentertainment.com,MA0301
WE415 ,Mistie,Lendor,CA,632838983,8009601008,24,F,West,m_lendor@optimentertainment.com,MA0301
WE418 ,Carey,Rodrick,FR,266029518677993,8006993717,79,F,West,c_rodrick@optimentertainment.com,MA0301
WE421 ,Kathey,Mcnabb,IT,MEOHQA65D41C472W,8009735883,19,F,West,k_mcnabb@optimentertainment.com,MA0301
